best_model_train_loss,best_model_val_loss,best_model_train_acc,best_model_val_acc,best_model_learning_rate,best_model_nb_epoch
0.009805193097320511,0.055081504199911355,0.9966259002685547,0.9826605319976807,0.0010000000474974513,98
