precision,accuracy,recall,duration
0.9320149641655737,0.9826605094592582,0.9705713020506032,7742.318489789963
