precision,accuracy,recall,duration
0.9653514382954473,0.9738571827576575,0.9424249391004219,2986.642525911331
