precision,accuracy,recall,duration
0.9944045251404153,0.9977580813347237,0.9932340012365044,39934.2835893631
