precision,accuracy,recall,duration
0.6854721594645593,0.831267217630854,0.6458241664594258,533.5535523891449
