precision,accuracy,recall,duration
0.9716482917709699,0.9818080253235266,0.9524454914111276,2964.9600641727448
