precision,accuracy,recall,duration
0.6362874424947365,0.7926997245179064,0.5341144476150197,131.3457384109497
