precision,accuracy,recall,duration
0.9983505733051004,0.9983365878353945,0.9983535322837351,841.6175711154938
