precision,accuracy,recall,duration
0.6504954547198706,0.7548209366391184,0.5452274410654511,137.34707236289978
