precision,accuracy,recall,duration
0.8216765438959331,0.9249664829435423,0.8794741869026211,7755.769092321396
