precision,accuracy,recall,duration
0.9004401773275607,0.9615969015343364,0.9356572933814895,40357.07257938385
