precision,accuracy,recall,duration
0.7011802613401761,0.8340220385674931,0.6491775767460363,525.1832237243652
